{"cameraMode":{"drawMode":0,"name":"Shaded","section":"Shading Mode"},"sceneLighting":true,"audioPlay":false,"sceneViewState":{"m_AlwaysRefresh":false,"showFog":true,"showSkybox":true,"showFlares":true,"showImageEffects":true,"showParticleSystems":true,"showVisualEffectGraphs":true,"m_FxEnabled":true},"in2DMode":false,"pivot":{"x":1.2559993267059327,"y":2.3533661365509035,"z":3.137754440307617},"rotation":{"x":-0.00417756475508213,"y":0.9828283786773682,"z":-0.022421665489673616,"w":-0.18311147391796113},"size":1.7936607599258423,"orthographic":false}